nationality,n.victories,edition,year,rank
France,1,1,1903,1
Luxembourg,0,1,1903,2
Belgium,0,1,1903,3
Italy,0,1,1903,4
Switzerland,0,1,1903,5
Spain,0,1,1903,6
Netherlands,0,1,1903,7
United States,0,1,1903,8
Ireland,0,1,1903,9
Denmark,0,1,1903,10
Germany,0,1,1903,11
Australia,0,1,1903,12
Great Britain,0,1,1903,13
Colombia,0,1,1903,14
France,2,2,1904,1
Luxembourg,0,2,1904,2
Belgium,0,2,1904,3
Italy,0,2,1904,4
Switzerland,0,2,1904,5
Spain,0,2,1904,6
Netherlands,0,2,1904,7
United States,0,2,1904,8
Ireland,0,2,1904,9
Denmark,0,2,1904,10
Germany,0,2,1904,11
Australia,0,2,1904,12
Great Britain,0,2,1904,13
Colombia,0,2,1904,14
France,3,3,1905,1
Luxembourg,0,3,1905,2
Belgium,0,3,1905,3
Italy,0,3,1905,4
Switzerland,0,3,1905,5
Spain,0,3,1905,6
Netherlands,0,3,1905,7
United States,0,3,1905,8
Ireland,0,3,1905,9
Denmark,0,3,1905,10
Germany,0,3,1905,11
Australia,0,3,1905,12
Great Britain,0,3,1905,13
Colombia,0,3,1905,14
France,4,4,1906,1
Luxembourg,0,4,1906,2
Belgium,0,4,1906,3
Italy,0,4,1906,4
Switzerland,0,4,1906,5
Spain,0,4,1906,6
Netherlands,0,4,1906,7
United States,0,4,1906,8
Ireland,0,4,1906,9
Denmark,0,4,1906,10
Germany,0,4,1906,11
Australia,0,4,1906,12
Great Britain,0,4,1906,13
Colombia,0,4,1906,14
France,5,5,1907,1
Luxembourg,0,5,1907,2
Belgium,0,5,1907,3
Italy,0,5,1907,4
Switzerland,0,5,1907,5
Spain,0,5,1907,6
Netherlands,0,5,1907,7
United States,0,5,1907,8
Ireland,0,5,1907,9
Denmark,0,5,1907,10
Germany,0,5,1907,11
Australia,0,5,1907,12
Great Britain,0,5,1907,13
Colombia,0,5,1907,14
France,6,6,1908,1
Luxembourg,0,6,1908,2
Belgium,0,6,1908,3
Italy,0,6,1908,4
Switzerland,0,6,1908,5
Spain,0,6,1908,6
Netherlands,0,6,1908,7
United States,0,6,1908,8
Ireland,0,6,1908,9
Denmark,0,6,1908,10
Germany,0,6,1908,11
Australia,0,6,1908,12
Great Britain,0,6,1908,13
Colombia,0,6,1908,14
France,6,7,1909,1
Luxembourg,1,7,1909,2
Belgium,0,7,1909,3
Italy,0,7,1909,4
Switzerland,0,7,1909,5
Spain,0,7,1909,6
Netherlands,0,7,1909,7
United States,0,7,1909,8
Ireland,0,7,1909,9
Denmark,0,7,1909,10
Germany,0,7,1909,11
Australia,0,7,1909,12
Great Britain,0,7,1909,13
Colombia,0,7,1909,14
France,7,8,1910,1
Luxembourg,1,8,1910,2
Belgium,0,8,1910,3
Italy,0,8,1910,4
Switzerland,0,8,1910,5
Spain,0,8,1910,6
Netherlands,0,8,1910,7
United States,0,8,1910,8
Ireland,0,8,1910,9
Denmark,0,8,1910,10
Germany,0,8,1910,11
Australia,0,8,1910,12
Great Britain,0,8,1910,13
Colombia,0,8,1910,14
France,8,9,1911,1
Luxembourg,1,9,1911,2
Belgium,0,9,1911,3
Italy,0,9,1911,4
Switzerland,0,9,1911,5
Spain,0,9,1911,6
Netherlands,0,9,1911,7
United States,0,9,1911,8
Ireland,0,9,1911,9
Denmark,0,9,1911,10
Germany,0,9,1911,11
Australia,0,9,1911,12
Great Britain,0,9,1911,13
Colombia,0,9,1911,14
France,8,10,1912,1
Belgium,1,10,1912,2
Luxembourg,1,10,1912,3
Italy,0,10,1912,4
Switzerland,0,10,1912,5
Spain,0,10,1912,6
Netherlands,0,10,1912,7
United States,0,10,1912,8
Ireland,0,10,1912,9
Denmark,0,10,1912,10
Germany,0,10,1912,11
Australia,0,10,1912,12
Great Britain,0,10,1912,13
Colombia,0,10,1912,14
France,8,11,1913,1
Belgium,2,11,1913,2
Luxembourg,1,11,1913,3
Italy,0,11,1913,4
Switzerland,0,11,1913,5
Spain,0,11,1913,6
Netherlands,0,11,1913,7
United States,0,11,1913,8
Ireland,0,11,1913,9
Denmark,0,11,1913,10
Germany,0,11,1913,11
Australia,0,11,1913,12
Great Britain,0,11,1913,13
Colombia,0,11,1913,14
France,8,12,1914,1
Belgium,3,12,1914,2
Luxembourg,1,12,1914,3
Italy,0,12,1914,4
Switzerland,0,12,1914,5
Spain,0,12,1914,6
Netherlands,0,12,1914,7
United States,0,12,1914,8
Ireland,0,12,1914,9
Denmark,0,12,1914,10
Germany,0,12,1914,11
Australia,0,12,1914,12
Great Britain,0,12,1914,13
Colombia,0,12,1914,14
France,8,13,1919,1
Belgium,4,13,1919,2
Luxembourg,1,13,1919,3
Italy,0,13,1919,4
Switzerland,0,13,1919,5
Spain,0,13,1919,6
Netherlands,0,13,1919,7
United States,0,13,1919,8
Ireland,0,13,1919,9
Denmark,0,13,1919,10
Germany,0,13,1919,11
Australia,0,13,1919,12
Great Britain,0,13,1919,13
Colombia,0,13,1919,14
France,8,14,1920,1
Belgium,5,14,1920,2
Luxembourg,1,14,1920,3
Italy,0,14,1920,4
Switzerland,0,14,1920,5
Spain,0,14,1920,6
Netherlands,0,14,1920,7
United States,0,14,1920,8
Ireland,0,14,1920,9
Denmark,0,14,1920,10
Germany,0,14,1920,11
Australia,0,14,1920,12
Great Britain,0,14,1920,13
Colombia,0,14,1920,14
France,8,15,1921,1
Belgium,6,15,1921,2
Luxembourg,1,15,1921,3
Italy,0,15,1921,4
Switzerland,0,15,1921,5
Spain,0,15,1921,6
Netherlands,0,15,1921,7
United States,0,15,1921,8
Ireland,0,15,1921,9
Denmark,0,15,1921,10
Germany,0,15,1921,11
Australia,0,15,1921,12
Great Britain,0,15,1921,13
Colombia,0,15,1921,14
France,8,16,1922,1
Belgium,7,16,1922,2
Luxembourg,1,16,1922,3
Italy,0,16,1922,4
Switzerland,0,16,1922,5
Spain,0,16,1922,6
Netherlands,0,16,1922,7
United States,0,16,1922,8
Ireland,0,16,1922,9
Denmark,0,16,1922,10
Germany,0,16,1922,11
Australia,0,16,1922,12
Great Britain,0,16,1922,13
Colombia,0,16,1922,14
France,9,17,1923,1
Belgium,7,17,1923,2
Luxembourg,1,17,1923,3
Italy,0,17,1923,4
Switzerland,0,17,1923,5
Spain,0,17,1923,6
Netherlands,0,17,1923,7
United States,0,17,1923,8
Ireland,0,17,1923,9
Denmark,0,17,1923,10
Germany,0,17,1923,11
Australia,0,17,1923,12
Great Britain,0,17,1923,13
Colombia,0,17,1923,14
France,9,18,1924,1
Belgium,7,18,1924,2
Italy,1,18,1924,3
Luxembourg,1,18,1924,4
Switzerland,0,18,1924,5
Spain,0,18,1924,6
Netherlands,0,18,1924,7
United States,0,18,1924,8
Ireland,0,18,1924,9
Denmark,0,18,1924,10
Germany,0,18,1924,11
Australia,0,18,1924,12
Great Britain,0,18,1924,13
Colombia,0,18,1924,14
France,9,19,1925,1
Belgium,7,19,1925,2
Italy,2,19,1925,3
Luxembourg,1,19,1925,4
Switzerland,0,19,1925,5
Spain,0,19,1925,6
Netherlands,0,19,1925,7
United States,0,19,1925,8
Ireland,0,19,1925,9
Denmark,0,19,1925,10
Germany,0,19,1925,11
Australia,0,19,1925,12
Great Britain,0,19,1925,13
Colombia,0,19,1925,14
France,9,20,1926,1
Belgium,8,20,1926,2
Italy,2,20,1926,3
Luxembourg,1,20,1926,4
Switzerland,0,20,1926,5
Spain,0,20,1926,6
Netherlands,0,20,1926,7
United States,0,20,1926,8
Ireland,0,20,1926,9
Denmark,0,20,1926,10
Germany,0,20,1926,11
Australia,0,20,1926,12
Great Britain,0,20,1926,13
Colombia,0,20,1926,14
France,9,21,1927,1
Belgium,8,21,1927,2
Italy,2,21,1927,3
Luxembourg,2,21,1927,4
Switzerland,0,21,1927,5
Spain,0,21,1927,6
Netherlands,0,21,1927,7
United States,0,21,1927,8
Ireland,0,21,1927,9
Denmark,0,21,1927,10
Germany,0,21,1927,11
Australia,0,21,1927,12
Great Britain,0,21,1927,13
Colombia,0,21,1927,14
France,9,22,1928,1
Belgium,8,22,1928,2
Luxembourg,3,22,1928,3
Italy,2,22,1928,4
Switzerland,0,22,1928,5
Spain,0,22,1928,6
Netherlands,0,22,1928,7
United States,0,22,1928,8
Ireland,0,22,1928,9
Denmark,0,22,1928,10
Germany,0,22,1928,11
Australia,0,22,1928,12
Great Britain,0,22,1928,13
Colombia,0,22,1928,14
Belgium,9,23,1929,1
France,9,23,1929,2
Luxembourg,3,23,1929,3
Italy,2,23,1929,4
Switzerland,0,23,1929,5
Spain,0,23,1929,6
Netherlands,0,23,1929,7
United States,0,23,1929,8
Ireland,0,23,1929,9
Denmark,0,23,1929,10
Germany,0,23,1929,11
Australia,0,23,1929,12
Great Britain,0,23,1929,13
Colombia,0,23,1929,14
France,10,24,1930,1
Belgium,9,24,1930,2
Luxembourg,3,24,1930,3
Italy,2,24,1930,4
Switzerland,0,24,1930,5
Spain,0,24,1930,6
Netherlands,0,24,1930,7
United States,0,24,1930,8
Ireland,0,24,1930,9
Denmark,0,24,1930,10
Germany,0,24,1930,11
Australia,0,24,1930,12
Great Britain,0,24,1930,13
Colombia,0,24,1930,14
France,11,25,1931,1
Belgium,9,25,1931,2
Luxembourg,3,25,1931,3
Italy,2,25,1931,4
Switzerland,0,25,1931,5
Spain,0,25,1931,6
Netherlands,0,25,1931,7
United States,0,25,1931,8
Ireland,0,25,1931,9
Denmark,0,25,1931,10
Germany,0,25,1931,11
Australia,0,25,1931,12
Great Britain,0,25,1931,13
Colombia,0,25,1931,14
France,12,26,1932,1
Belgium,9,26,1932,2
Luxembourg,3,26,1932,3
Italy,2,26,1932,4
Switzerland,0,26,1932,5
Spain,0,26,1932,6
Netherlands,0,26,1932,7
United States,0,26,1932,8
Ireland,0,26,1932,9
Denmark,0,26,1932,10
Germany,0,26,1932,11
Australia,0,26,1932,12
Great Britain,0,26,1932,13
Colombia,0,26,1932,14
France,13,27,1933,1
Belgium,9,27,1933,2
Luxembourg,3,27,1933,3
Italy,2,27,1933,4
Switzerland,0,27,1933,5
Spain,0,27,1933,6
Netherlands,0,27,1933,7
United States,0,27,1933,8
Ireland,0,27,1933,9
Denmark,0,27,1933,10
Germany,0,27,1933,11
Australia,0,27,1933,12
Great Britain,0,27,1933,13
Colombia,0,27,1933,14
France,14,28,1934,1
Belgium,9,28,1934,2
Luxembourg,3,28,1934,3
Italy,2,28,1934,4
Switzerland,0,28,1934,5
Spain,0,28,1934,6
Netherlands,0,28,1934,7
United States,0,28,1934,8
Ireland,0,28,1934,9
Denmark,0,28,1934,10
Germany,0,28,1934,11
Australia,0,28,1934,12
Great Britain,0,28,1934,13
Colombia,0,28,1934,14
France,14,29,1935,1
Belgium,10,29,1935,2
Luxembourg,3,29,1935,3
Italy,2,29,1935,4
Switzerland,0,29,1935,5
Spain,0,29,1935,6
Netherlands,0,29,1935,7
United States,0,29,1935,8
Ireland,0,29,1935,9
Denmark,0,29,1935,10
Germany,0,29,1935,11
Australia,0,29,1935,12
Great Britain,0,29,1935,13
Colombia,0,29,1935,14
France,14,30,1936,1
Belgium,11,30,1936,2
Luxembourg,3,30,1936,3
Italy,2,30,1936,4
Switzerland,0,30,1936,5
Spain,0,30,1936,6
Netherlands,0,30,1936,7
United States,0,30,1936,8
Ireland,0,30,1936,9
Denmark,0,30,1936,10
Germany,0,30,1936,11
Australia,0,30,1936,12
Great Britain,0,30,1936,13
Colombia,0,30,1936,14
France,15,31,1937,1
Belgium,11,31,1937,2
Luxembourg,3,31,1937,3
Italy,2,31,1937,4
Switzerland,0,31,1937,5
Spain,0,31,1937,6
Netherlands,0,31,1937,7
United States,0,31,1937,8
Ireland,0,31,1937,9
Denmark,0,31,1937,10
Germany,0,31,1937,11
Australia,0,31,1937,12
Great Britain,0,31,1937,13
Colombia,0,31,1937,14
France,15,32,1938,1
Belgium,11,32,1938,2
Italy,3,32,1938,3
Luxembourg,3,32,1938,4
Switzerland,0,32,1938,5
Spain,0,32,1938,6
Netherlands,0,32,1938,7
United States,0,32,1938,8
Ireland,0,32,1938,9
Denmark,0,32,1938,10
Germany,0,32,1938,11
Australia,0,32,1938,12
Great Britain,0,32,1938,13
Colombia,0,32,1938,14
France,15,33,1939,1
Belgium,12,33,1939,2
Italy,3,33,1939,3
Luxembourg,3,33,1939,4
Switzerland,0,33,1939,5
Spain,0,33,1939,6
Netherlands,0,33,1939,7
United States,0,33,1939,8
Ireland,0,33,1939,9
Denmark,0,33,1939,10
Germany,0,33,1939,11
Australia,0,33,1939,12
Great Britain,0,33,1939,13
Colombia,0,33,1939,14
France,16,34,1947,1
Belgium,12,34,1947,2
Italy,3,34,1947,3
Luxembourg,3,34,1947,4
Switzerland,0,34,1947,5
Spain,0,34,1947,6
Netherlands,0,34,1947,7
United States,0,34,1947,8
Ireland,0,34,1947,9
Denmark,0,34,1947,10
Germany,0,34,1947,11
Australia,0,34,1947,12
Great Britain,0,34,1947,13
Colombia,0,34,1947,14
France,16,35,1948,1
Belgium,12,35,1948,2
Italy,4,35,1948,3
Luxembourg,3,35,1948,4
Switzerland,0,35,1948,5
Spain,0,35,1948,6
Netherlands,0,35,1948,7
United States,0,35,1948,8
Ireland,0,35,1948,9
Denmark,0,35,1948,10
Germany,0,35,1948,11
Australia,0,35,1948,12
Great Britain,0,35,1948,13
Colombia,0,35,1948,14
France,16,36,1949,1
Belgium,12,36,1949,2
Italy,5,36,1949,3
Luxembourg,3,36,1949,4
Switzerland,0,36,1949,5
Spain,0,36,1949,6
Netherlands,0,36,1949,7
United States,0,36,1949,8
Ireland,0,36,1949,9
Denmark,0,36,1949,10
Germany,0,36,1949,11
Australia,0,36,1949,12
Great Britain,0,36,1949,13
Colombia,0,36,1949,14
France,16,37,1950,1
Belgium,12,37,1950,2
Italy,5,37,1950,3
Luxembourg,3,37,1950,4
Switzerland,1,37,1950,5
Spain,0,37,1950,6
Netherlands,0,37,1950,7
United States,0,37,1950,8
Ireland,0,37,1950,9
Denmark,0,37,1950,10
Germany,0,37,1950,11
Australia,0,37,1950,12
Great Britain,0,37,1950,13
Colombia,0,37,1950,14
France,16,38,1951,1
Belgium,12,38,1951,2
Italy,5,38,1951,3
Luxembourg,3,38,1951,4
Switzerland,2,38,1951,5
Spain,0,38,1951,6
Netherlands,0,38,1951,7
United States,0,38,1951,8
Ireland,0,38,1951,9
Denmark,0,38,1951,10
Germany,0,38,1951,11
Australia,0,38,1951,12
Great Britain,0,38,1951,13
Colombia,0,38,1951,14
France,16,39,1952,1
Belgium,12,39,1952,2
Italy,6,39,1952,3
Luxembourg,3,39,1952,4
Switzerland,2,39,1952,5
Spain,0,39,1952,6
Netherlands,0,39,1952,7
United States,0,39,1952,8
Ireland,0,39,1952,9
Denmark,0,39,1952,10
Germany,0,39,1952,11
Australia,0,39,1952,12
Great Britain,0,39,1952,13
Colombia,0,39,1952,14
France,17,40,1953,1
Belgium,12,40,1953,2
Italy,6,40,1953,3
Luxembourg,3,40,1953,4
Switzerland,2,40,1953,5
Spain,0,40,1953,6
Netherlands,0,40,1953,7
United States,0,40,1953,8
Ireland,0,40,1953,9
Denmark,0,40,1953,10
Germany,0,40,1953,11
Australia,0,40,1953,12
Great Britain,0,40,1953,13
Colombia,0,40,1953,14
France,18,41,1954,1
Belgium,12,41,1954,2
Italy,6,41,1954,3
Luxembourg,3,41,1954,4
Switzerland,2,41,1954,5
Spain,0,41,1954,6
Netherlands,0,41,1954,7
United States,0,41,1954,8
Ireland,0,41,1954,9
Denmark,0,41,1954,10
Germany,0,41,1954,11
Australia,0,41,1954,12
Great Britain,0,41,1954,13
Colombia,0,41,1954,14
France,19,42,1955,1
Belgium,12,42,1955,2
Italy,6,42,1955,3
Luxembourg,3,42,1955,4
Switzerland,2,42,1955,5
Spain,0,42,1955,6
Netherlands,0,42,1955,7
United States,0,42,1955,8
Ireland,0,42,1955,9
Denmark,0,42,1955,10
Germany,0,42,1955,11
Australia,0,42,1955,12
Great Britain,0,42,1955,13
Colombia,0,42,1955,14
France,20,43,1956,1
Belgium,12,43,1956,2
Italy,6,43,1956,3
Luxembourg,3,43,1956,4
Switzerland,2,43,1956,5
Spain,0,43,1956,6
Netherlands,0,43,1956,7
United States,0,43,1956,8
Ireland,0,43,1956,9
Denmark,0,43,1956,10
Germany,0,43,1956,11
Australia,0,43,1956,12
Great Britain,0,43,1956,13
Colombia,0,43,1956,14
France,21,44,1957,1
Belgium,12,44,1957,2
Italy,6,44,1957,3
Luxembourg,3,44,1957,4
Switzerland,2,44,1957,5
Spain,0,44,1957,6
Netherlands,0,44,1957,7
United States,0,44,1957,8
Ireland,0,44,1957,9
Denmark,0,44,1957,10
Germany,0,44,1957,11
Australia,0,44,1957,12
Great Britain,0,44,1957,13
Colombia,0,44,1957,14
France,21,45,1958,1
Belgium,12,45,1958,2
Italy,6,45,1958,3
Luxembourg,4,45,1958,4
Switzerland,2,45,1958,5
Spain,0,45,1958,6
Netherlands,0,45,1958,7
United States,0,45,1958,8
Ireland,0,45,1958,9
Denmark,0,45,1958,10
Germany,0,45,1958,11
Australia,0,45,1958,12
Great Britain,0,45,1958,13
Colombia,0,45,1958,14
France,21,46,1959,1
Belgium,12,46,1959,2
Italy,6,46,1959,3
Luxembourg,4,46,1959,4
Switzerland,2,46,1959,5
Spain,1,46,1959,6
Netherlands,0,46,1959,7
United States,0,46,1959,8
Ireland,0,46,1959,9
Denmark,0,46,1959,10
Germany,0,46,1959,11
Australia,0,46,1959,12
Great Britain,0,46,1959,13
Colombia,0,46,1959,14
France,21,47,1960,1
Belgium,12,47,1960,2
Italy,7,47,1960,3
Luxembourg,4,47,1960,4
Switzerland,2,47,1960,5
Spain,1,47,1960,6
Netherlands,0,47,1960,7
United States,0,47,1960,8
Ireland,0,47,1960,9
Denmark,0,47,1960,10
Germany,0,47,1960,11
Australia,0,47,1960,12
Great Britain,0,47,1960,13
Colombia,0,47,1960,14
France,22,48,1961,1
Belgium,12,48,1961,2
Italy,7,48,1961,3
Luxembourg,4,48,1961,4
Switzerland,2,48,1961,5
Spain,1,48,1961,6
Netherlands,0,48,1961,7
United States,0,48,1961,8
Ireland,0,48,1961,9
Denmark,0,48,1961,10
Germany,0,48,1961,11
Australia,0,48,1961,12
Great Britain,0,48,1961,13
Colombia,0,48,1961,14
France,23,49,1962,1
Belgium,12,49,1962,2
Italy,7,49,1962,3
Luxembourg,4,49,1962,4
Switzerland,2,49,1962,5
Spain,1,49,1962,6
Netherlands,0,49,1962,7
United States,0,49,1962,8
Ireland,0,49,1962,9
Denmark,0,49,1962,10
Germany,0,49,1962,11
Australia,0,49,1962,12
Great Britain,0,49,1962,13
Colombia,0,49,1962,14
France,24,50,1963,1
Belgium,12,50,1963,2
Italy,7,50,1963,3
Luxembourg,4,50,1963,4
Switzerland,2,50,1963,5
Spain,1,50,1963,6
Netherlands,0,50,1963,7
United States,0,50,1963,8
Ireland,0,50,1963,9
Denmark,0,50,1963,10
Germany,0,50,1963,11
Australia,0,50,1963,12
Great Britain,0,50,1963,13
Colombia,0,50,1963,14
France,25,51,1964,1
Belgium,12,51,1964,2
Italy,7,51,1964,3
Luxembourg,4,51,1964,4
Switzerland,2,51,1964,5
Spain,1,51,1964,6
Netherlands,0,51,1964,7
United States,0,51,1964,8
Ireland,0,51,1964,9
Denmark,0,51,1964,10
Germany,0,51,1964,11
Australia,0,51,1964,12
Great Britain,0,51,1964,13
Colombia,0,51,1964,14
France,25,52,1965,1
Belgium,12,52,1965,2
Italy,8,52,1965,3
Luxembourg,4,52,1965,4
Switzerland,2,52,1965,5
Spain,1,52,1965,6
Netherlands,0,52,1965,7
United States,0,52,1965,8
Ireland,0,52,1965,9
Denmark,0,52,1965,10
Germany,0,52,1965,11
Australia,0,52,1965,12
Great Britain,0,52,1965,13
Colombia,0,52,1965,14
France,26,53,1966,1
Belgium,12,53,1966,2
Italy,8,53,1966,3
Luxembourg,4,53,1966,4
Switzerland,2,53,1966,5
Spain,1,53,1966,6
Netherlands,0,53,1966,7
United States,0,53,1966,8
Ireland,0,53,1966,9
Denmark,0,53,1966,10
Germany,0,53,1966,11
Australia,0,53,1966,12
Great Britain,0,53,1966,13
Colombia,0,53,1966,14
France,27,54,1967,1
Belgium,12,54,1967,2
Italy,8,54,1967,3
Luxembourg,4,54,1967,4
Switzerland,2,54,1967,5
Spain,1,54,1967,6
Netherlands,0,54,1967,7
United States,0,54,1967,8
Ireland,0,54,1967,9
Denmark,0,54,1967,10
Germany,0,54,1967,11
Australia,0,54,1967,12
Great Britain,0,54,1967,13
Colombia,0,54,1967,14
France,27,55,1968,1
Belgium,12,55,1968,2
Italy,8,55,1968,3
Luxembourg,4,55,1968,4
Switzerland,2,55,1968,5
Netherlands,1,55,1968,6
Spain,1,55,1968,7
United States,0,55,1968,8
Ireland,0,55,1968,9
Denmark,0,55,1968,10
Germany,0,55,1968,11
Australia,0,55,1968,12
Great Britain,0,55,1968,13
Colombia,0,55,1968,14
France,27,56,1969,1
Belgium,13,56,1969,2
Italy,8,56,1969,3
Luxembourg,4,56,1969,4
Switzerland,2,56,1969,5
Netherlands,1,56,1969,6
Spain,1,56,1969,7
United States,0,56,1969,8
Ireland,0,56,1969,9
Denmark,0,56,1969,10
Germany,0,56,1969,11
Australia,0,56,1969,12
Great Britain,0,56,1969,13
Colombia,0,56,1969,14
France,27,57,1970,1
Belgium,14,57,1970,2
Italy,8,57,1970,3
Luxembourg,4,57,1970,4
Switzerland,2,57,1970,5
Netherlands,1,57,1970,6
Spain,1,57,1970,7
United States,0,57,1970,8
Ireland,0,57,1970,9
Denmark,0,57,1970,10
Germany,0,57,1970,11
Australia,0,57,1970,12
Great Britain,0,57,1970,13
Colombia,0,57,1970,14
France,27,58,1971,1
Belgium,15,58,1971,2
Italy,8,58,1971,3
Luxembourg,4,58,1971,4
Switzerland,2,58,1971,5
Netherlands,1,58,1971,6
Spain,1,58,1971,7
United States,0,58,1971,8
Ireland,0,58,1971,9
Denmark,0,58,1971,10
Germany,0,58,1971,11
Australia,0,58,1971,12
Great Britain,0,58,1971,13
Colombia,0,58,1971,14
France,27,59,1972,1
Belgium,16,59,1972,2
Italy,8,59,1972,3
Luxembourg,4,59,1972,4
Switzerland,2,59,1972,5
Netherlands,1,59,1972,6
Spain,1,59,1972,7
United States,0,59,1972,8
Ireland,0,59,1972,9
Denmark,0,59,1972,10
Germany,0,59,1972,11
Australia,0,59,1972,12
Great Britain,0,59,1972,13
Colombia,0,59,1972,14
France,27,60,1973,1
Belgium,16,60,1973,2
Italy,8,60,1973,3
Luxembourg,4,60,1973,4
Spain,2,60,1973,5
Switzerland,2,60,1973,6
Netherlands,1,60,1973,7
United States,0,60,1973,8
Ireland,0,60,1973,9
Denmark,0,60,1973,10
Germany,0,60,1973,11
Australia,0,60,1973,12
Great Britain,0,60,1973,13
Colombia,0,60,1973,14
France,27,61,1974,1
Belgium,17,61,1974,2
Italy,8,61,1974,3
Luxembourg,4,61,1974,4
Spain,2,61,1974,5
Switzerland,2,61,1974,6
Netherlands,1,61,1974,7
United States,0,61,1974,8
Ireland,0,61,1974,9
Denmark,0,61,1974,10
Germany,0,61,1974,11
Australia,0,61,1974,12
Great Britain,0,61,1974,13
Colombia,0,61,1974,14
France,28,62,1975,1
Belgium,17,62,1975,2
Italy,8,62,1975,3
Luxembourg,4,62,1975,4
Spain,2,62,1975,5
Switzerland,2,62,1975,6
Netherlands,1,62,1975,7
United States,0,62,1975,8
Ireland,0,62,1975,9
Denmark,0,62,1975,10
Germany,0,62,1975,11
Australia,0,62,1975,12
Great Britain,0,62,1975,13
Colombia,0,62,1975,14
France,28,63,1976,1
Belgium,18,63,1976,2
Italy,8,63,1976,3
Luxembourg,4,63,1976,4
Spain,2,63,1976,5
Switzerland,2,63,1976,6
Netherlands,1,63,1976,7
United States,0,63,1976,8
Ireland,0,63,1976,9
Denmark,0,63,1976,10
Germany,0,63,1976,11
Australia,0,63,1976,12
Great Britain,0,63,1976,13
Colombia,0,63,1976,14
France,29,64,1977,1
Belgium,18,64,1977,2
Italy,8,64,1977,3
Luxembourg,4,64,1977,4
Spain,2,64,1977,5
Switzerland,2,64,1977,6
Netherlands,1,64,1977,7
United States,0,64,1977,8
Ireland,0,64,1977,9
Denmark,0,64,1977,10
Germany,0,64,1977,11
Australia,0,64,1977,12
Great Britain,0,64,1977,13
Colombia,0,64,1977,14
France,30,65,1978,1
Belgium,18,65,1978,2
Italy,8,65,1978,3
Luxembourg,4,65,1978,4
Spain,2,65,1978,5
Switzerland,2,65,1978,6
Netherlands,1,65,1978,7
United States,0,65,1978,8
Ireland,0,65,1978,9
Denmark,0,65,1978,10
Germany,0,65,1978,11
Australia,0,65,1978,12
Great Britain,0,65,1978,13
Colombia,0,65,1978,14
France,31,66,1979,1
Belgium,18,66,1979,2
Italy,8,66,1979,3
Luxembourg,4,66,1979,4
Spain,2,66,1979,5
Switzerland,2,66,1979,6
Netherlands,1,66,1979,7
United States,0,66,1979,8
Ireland,0,66,1979,9
Denmark,0,66,1979,10
Germany,0,66,1979,11
Australia,0,66,1979,12
Great Britain,0,66,1979,13
Colombia,0,66,1979,14
France,31,67,1980,1
Belgium,18,67,1980,2
Italy,8,67,1980,3
Luxembourg,4,67,1980,4
Netherlands,2,67,1980,5
Spain,2,67,1980,6
Switzerland,2,67,1980,7
United States,0,67,1980,8
Ireland,0,67,1980,9
Denmark,0,67,1980,10
Germany,0,67,1980,11
Australia,0,67,1980,12
Great Britain,0,67,1980,13
Colombia,0,67,1980,14
France,32,68,1981,1
Belgium,18,68,1981,2
Italy,8,68,1981,3
Luxembourg,4,68,1981,4
Netherlands,2,68,1981,5
Spain,2,68,1981,6
Switzerland,2,68,1981,7
United States,0,68,1981,8
Ireland,0,68,1981,9
Denmark,0,68,1981,10
Germany,0,68,1981,11
Australia,0,68,1981,12
Great Britain,0,68,1981,13
Colombia,0,68,1981,14
France,33,69,1982,1
Belgium,18,69,1982,2
Italy,8,69,1982,3
Luxembourg,4,69,1982,4
Netherlands,2,69,1982,5
Spain,2,69,1982,6
Switzerland,2,69,1982,7
United States,0,69,1982,8
Ireland,0,69,1982,9
Denmark,0,69,1982,10
Germany,0,69,1982,11
Australia,0,69,1982,12
Great Britain,0,69,1982,13
Colombia,0,69,1982,14
France,34,70,1983,1
Belgium,18,70,1983,2
Italy,8,70,1983,3
Luxembourg,4,70,1983,4
Netherlands,2,70,1983,5
Spain,2,70,1983,6
Switzerland,2,70,1983,7
United States,0,70,1983,8
Ireland,0,70,1983,9
Denmark,0,70,1983,10
Germany,0,70,1983,11
Australia,0,70,1983,12
Great Britain,0,70,1983,13
Colombia,0,70,1983,14
France,35,71,1984,1
Belgium,18,71,1984,2
Italy,8,71,1984,3
Luxembourg,4,71,1984,4
Netherlands,2,71,1984,5
Spain,2,71,1984,6
Switzerland,2,71,1984,7
United States,0,71,1984,8
Ireland,0,71,1984,9
Denmark,0,71,1984,10
Germany,0,71,1984,11
Australia,0,71,1984,12
Great Britain,0,71,1984,13
Colombia,0,71,1984,14
France,36,72,1985,1
Belgium,18,72,1985,2
Italy,8,72,1985,3
Luxembourg,4,72,1985,4
Netherlands,2,72,1985,5
Spain,2,72,1985,6
Switzerland,2,72,1985,7
United States,0,72,1985,8
Ireland,0,72,1985,9
Denmark,0,72,1985,10
Germany,0,72,1985,11
Australia,0,72,1985,12
Great Britain,0,72,1985,13
Colombia,0,72,1985,14
France,36,73,1986,1
Belgium,18,73,1986,2
Italy,8,73,1986,3
Luxembourg,4,73,1986,4
Netherlands,2,73,1986,5
Spain,2,73,1986,6
Switzerland,2,73,1986,7
United States,1,73,1986,8
Ireland,0,73,1986,9
Denmark,0,73,1986,10
Germany,0,73,1986,11
Australia,0,73,1986,12
Great Britain,0,73,1986,13
Colombia,0,73,1986,14
France,36,74,1987,1
Belgium,18,74,1987,2
Italy,8,74,1987,3
Luxembourg,4,74,1987,4
Netherlands,2,74,1987,5
Spain,2,74,1987,6
Switzerland,2,74,1987,7
Ireland,1,74,1987,8
United States,1,74,1987,9
Denmark,0,74,1987,10
Germany,0,74,1987,11
Australia,0,74,1987,12
Great Britain,0,74,1987,13
Colombia,0,74,1987,14
France,36,75,1988,1
Belgium,18,75,1988,2
Italy,8,75,1988,3
Luxembourg,4,75,1988,4
Spain,3,75,1988,5
Netherlands,2,75,1988,6
Switzerland,2,75,1988,7
Ireland,1,75,1988,8
United States,1,75,1988,9
Denmark,0,75,1988,10
Germany,0,75,1988,11
Australia,0,75,1988,12
Great Britain,0,75,1988,13
Colombia,0,75,1988,14
France,36,76,1989,1
Belgium,18,76,1989,2
Italy,8,76,1989,3
Luxembourg,4,76,1989,4
Spain,3,76,1989,5
Netherlands,2,76,1989,6
Switzerland,2,76,1989,7
United States,2,76,1989,8
Ireland,1,76,1989,9
Denmark,0,76,1989,10
Germany,0,76,1989,11
Australia,0,76,1989,12
Great Britain,0,76,1989,13
Colombia,0,76,1989,14
France,36,77,1990,1
Belgium,18,77,1990,2
Italy,8,77,1990,3
Luxembourg,4,77,1990,4
Spain,3,77,1990,5
United States,3,77,1990,6
Netherlands,2,77,1990,7
Switzerland,2,77,1990,8
Ireland,1,77,1990,9
Denmark,0,77,1990,10
Germany,0,77,1990,11
Australia,0,77,1990,12
Great Britain,0,77,1990,13
Colombia,0,77,1990,14
France,36,78,1991,1
Belgium,18,78,1991,2
Italy,8,78,1991,3
Luxembourg,4,78,1991,4
Spain,4,78,1991,5
United States,3,78,1991,6
Netherlands,2,78,1991,7
Switzerland,2,78,1991,8
Ireland,1,78,1991,9
Denmark,0,78,1991,10
Germany,0,78,1991,11
Australia,0,78,1991,12
Great Britain,0,78,1991,13
Colombia,0,78,1991,14
France,36,79,1992,1
Belgium,18,79,1992,2
Italy,8,79,1992,3
Spain,5,79,1992,4
Luxembourg,4,79,1992,5
United States,3,79,1992,6
Netherlands,2,79,1992,7
Switzerland,2,79,1992,8
Ireland,1,79,1992,9
Denmark,0,79,1992,10
Germany,0,79,1992,11
Australia,0,79,1992,12
Great Britain,0,79,1992,13
Colombia,0,79,1992,14
France,36,80,1993,1
Belgium,18,80,1993,2
Italy,8,80,1993,3
Spain,6,80,1993,4
Luxembourg,4,80,1993,5
United States,3,80,1993,6
Netherlands,2,80,1993,7
Switzerland,2,80,1993,8
Ireland,1,80,1993,9
Denmark,0,80,1993,10
Germany,0,80,1993,11
Australia,0,80,1993,12
Great Britain,0,80,1993,13
Colombia,0,80,1993,14
France,36,81,1994,1
Belgium,18,81,1994,2
Italy,8,81,1994,3
Spain,7,81,1994,4
Luxembourg,4,81,1994,5
United States,3,81,1994,6
Netherlands,2,81,1994,7
Switzerland,2,81,1994,8
Ireland,1,81,1994,9
Denmark,0,81,1994,10
Germany,0,81,1994,11
Australia,0,81,1994,12
Great Britain,0,81,1994,13
Colombia,0,81,1994,14
France,36,82,1995,1
Belgium,18,82,1995,2
Italy,8,82,1995,3
Spain,8,82,1995,4
Luxembourg,4,82,1995,5
United States,3,82,1995,6
Netherlands,2,82,1995,7
Switzerland,2,82,1995,8
Ireland,1,82,1995,9
Denmark,0,82,1995,10
Germany,0,82,1995,11
Australia,0,82,1995,12
Great Britain,0,82,1995,13
Colombia,0,82,1995,14
France,36,83,1996,1
Belgium,18,83,1996,2
Italy,8,83,1996,3
Spain,8,83,1996,4
Luxembourg,4,83,1996,5
United States,3,83,1996,6
Netherlands,2,83,1996,7
Switzerland,2,83,1996,8
Denmark,1,83,1996,9
Ireland,1,83,1996,10
Germany,0,83,1996,11
Australia,0,83,1996,12
Great Britain,0,83,1996,13
Colombia,0,83,1996,14
France,36,84,1997,1
Belgium,18,84,1997,2
Italy,8,84,1997,3
Spain,8,84,1997,4
Luxembourg,4,84,1997,5
United States,3,84,1997,6
Netherlands,2,84,1997,7
Switzerland,2,84,1997,8
Denmark,1,84,1997,9
Germany,1,84,1997,10
Ireland,1,84,1997,11
Australia,0,84,1997,12
Great Britain,0,84,1997,13
Colombia,0,84,1997,14
France,36,85,1998,1
Belgium,18,85,1998,2
Italy,9,85,1998,3
Spain,8,85,1998,4
Luxembourg,4,85,1998,5
United States,3,85,1998,6
Netherlands,2,85,1998,7
Switzerland,2,85,1998,8
Denmark,1,85,1998,9
Germany,1,85,1998,10
Ireland,1,85,1998,11
Australia,0,85,1998,12
Great Britain,0,85,1998,13
Colombia,0,85,1998,14
France,36,86,1999,1
Belgium,18,86,1999,2
Italy,9,86,1999,3
Spain,8,86,1999,4
Luxembourg,4,86,1999,5
United States,4,86,1999,6
Netherlands,2,86,1999,7
Switzerland,2,86,1999,8
Denmark,1,86,1999,9
Germany,1,86,1999,10
Ireland,1,86,1999,11
Australia,0,86,1999,12
Great Britain,0,86,1999,13
Colombia,0,86,1999,14
France,36,87,2000,1
Belgium,18,87,2000,2
Italy,9,87,2000,3
Spain,8,87,2000,4
United States,5,87,2000,5
Luxembourg,4,87,2000,6
Netherlands,2,87,2000,7
Switzerland,2,87,2000,8
Denmark,1,87,2000,9
Germany,1,87,2000,10
Ireland,1,87,2000,11
Australia,0,87,2000,12
Great Britain,0,87,2000,13
Colombia,0,87,2000,14
France,36,88,2001,1
Belgium,18,88,2001,2
Italy,9,88,2001,3
Spain,8,88,2001,4
United States,6,88,2001,5
Luxembourg,4,88,2001,6
Netherlands,2,88,2001,7
Switzerland,2,88,2001,8
Denmark,1,88,2001,9
Germany,1,88,2001,10
Ireland,1,88,2001,11
Australia,0,88,2001,12
Great Britain,0,88,2001,13
Colombia,0,88,2001,14
France,36,89,2002,1
Belgium,18,89,2002,2
Italy,9,89,2002,3
Spain,8,89,2002,4
United States,7,89,2002,5
Luxembourg,4,89,2002,6
Netherlands,2,89,2002,7
Switzerland,2,89,2002,8
Denmark,1,89,2002,9
Germany,1,89,2002,10
Ireland,1,89,2002,11
Australia,0,89,2002,12
Great Britain,0,89,2002,13
Colombia,0,89,2002,14
France,36,90,2003,1
Belgium,18,90,2003,2
Italy,9,90,2003,3
Spain,8,90,2003,4
United States,8,90,2003,5
Luxembourg,4,90,2003,6
Netherlands,2,90,2003,7
Switzerland,2,90,2003,8
Denmark,1,90,2003,9
Germany,1,90,2003,10
Ireland,1,90,2003,11
Australia,0,90,2003,12
Great Britain,0,90,2003,13
Colombia,0,90,2003,14
France,36,91,2004,1
Belgium,18,91,2004,2
Italy,9,91,2004,3
United States,9,91,2004,4
Spain,8,91,2004,5
Luxembourg,4,91,2004,6
Netherlands,2,91,2004,7
Switzerland,2,91,2004,8
Denmark,1,91,2004,9
Germany,1,91,2004,10
Ireland,1,91,2004,11
Australia,0,91,2004,12
Great Britain,0,91,2004,13
Colombia,0,91,2004,14
France,36,92,2005,1
Belgium,18,92,2005,2
United States,10,92,2005,3
Italy,9,92,2005,4
Spain,8,92,2005,5
Luxembourg,4,92,2005,6
Netherlands,2,92,2005,7
Switzerland,2,92,2005,8
Denmark,1,92,2005,9
Germany,1,92,2005,10
Ireland,1,92,2005,11
Australia,0,92,2005,12
Great Britain,0,92,2005,13
Colombia,0,92,2005,14
France,36,93,2006,1
Belgium,18,93,2006,2
United States,10,93,2006,3
Italy,9,93,2006,4
Spain,9,93,2006,5
Luxembourg,4,93,2006,6
Netherlands,2,93,2006,7
Switzerland,2,93,2006,8
Denmark,1,93,2006,9
Germany,1,93,2006,10
Ireland,1,93,2006,11
Australia,0,93,2006,12
Great Britain,0,93,2006,13
Colombia,0,93,2006,14
France,36,94,2007,1
Belgium,18,94,2007,2
Spain,10,94,2007,3
United States,10,94,2007,4
Italy,9,94,2007,5
Luxembourg,4,94,2007,6
Netherlands,2,94,2007,7
Switzerland,2,94,2007,8
Denmark,1,94,2007,9
Germany,1,94,2007,10
Ireland,1,94,2007,11
Australia,0,94,2007,12
Great Britain,0,94,2007,13
Colombia,0,94,2007,14
France,36,95,2008,1
Belgium,18,95,2008,2
Spain,11,95,2008,3
United States,10,95,2008,4
Italy,9,95,2008,5
Luxembourg,4,95,2008,6
Netherlands,2,95,2008,7
Switzerland,2,95,2008,8
Denmark,1,95,2008,9
Germany,1,95,2008,10
Ireland,1,95,2008,11
Australia,0,95,2008,12
Great Britain,0,95,2008,13
Colombia,0,95,2008,14
France,36,96,2009,1
Belgium,18,96,2009,2
Spain,12,96,2009,3
United States,10,96,2009,4
Italy,9,96,2009,5
Luxembourg,4,96,2009,6
Netherlands,2,96,2009,7
Switzerland,2,96,2009,8
Denmark,1,96,2009,9
Germany,1,96,2009,10
Ireland,1,96,2009,11
Australia,0,96,2009,12
Great Britain,0,96,2009,13
Colombia,0,96,2009,14
France,36,97,2010,1
Belgium,18,97,2010,2
Spain,12,97,2010,3
United States,10,97,2010,4
Italy,9,97,2010,5
Luxembourg,5,97,2010,6
Netherlands,2,97,2010,7
Switzerland,2,97,2010,8
Denmark,1,97,2010,9
Germany,1,97,2010,10
Ireland,1,97,2010,11
Australia,0,97,2010,12
Great Britain,0,97,2010,13
Colombia,0,97,2010,14
France,36,98,2011,1
Belgium,18,98,2011,2
Spain,12,98,2011,3
United States,10,98,2011,4
Italy,9,98,2011,5
Luxembourg,5,98,2011,6
Netherlands,2,98,2011,7
Switzerland,2,98,2011,8
Australia,1,98,2011,9
Denmark,1,98,2011,10
Germany,1,98,2011,11
Ireland,1,98,2011,12
Great Britain,0,98,2011,13
Colombia,0,98,2011,14
France,36,99,2012,1
Belgium,18,99,2012,2
Spain,12,99,2012,3
United States,10,99,2012,4
Italy,9,99,2012,5
Luxembourg,5,99,2012,6
Netherlands,2,99,2012,7
Switzerland,2,99,2012,8
Australia,1,99,2012,9
Denmark,1,99,2012,10
Germany,1,99,2012,11
Great Britain,1,99,2012,12
Ireland,1,99,2012,13
Colombia,0,99,2012,14
France,36,100,2013,1
Belgium,18,100,2013,2
Spain,12,100,2013,3
United States,10,100,2013,4
Italy,9,100,2013,5
Luxembourg,5,100,2013,6
Great Britain,2,100,2013,7
Netherlands,2,100,2013,8
Switzerland,2,100,2013,9
Australia,1,100,2013,10
Denmark,1,100,2013,11
Germany,1,100,2013,12
Ireland,1,100,2013,13
Colombia,0,100,2013,14
France,36,101,2014,1
Belgium,18,101,2014,2
Spain,12,101,2014,3
Italy,10,101,2014,4
United States,10,101,2014,5
Luxembourg,5,101,2014,6
Great Britain,2,101,2014,7
Netherlands,2,101,2014,8
Switzerland,2,101,2014,9
Australia,1,101,2014,10
Denmark,1,101,2014,11
Germany,1,101,2014,12
Ireland,1,101,2014,13
Colombia,0,101,2014,14
France,36,102,2015,1
Belgium,18,102,2015,2
Spain,12,102,2015,3
Italy,10,102,2015,4
United States,10,102,2015,5
Luxembourg,5,102,2015,6
Great Britain,3,102,2015,7
Netherlands,2,102,2015,8
Switzerland,2,102,2015,9
Australia,1,102,2015,10
Denmark,1,102,2015,11
Germany,1,102,2015,12
Ireland,1,102,2015,13
Colombia,0,102,2015,14
France,36,103,2016,1
Belgium,18,103,2016,2
Spain,12,103,2016,3
Italy,10,103,2016,4
United States,10,103,2016,5
Luxembourg,5,103,2016,6
Great Britain,4,103,2016,7
Netherlands,2,103,2016,8
Switzerland,2,103,2016,9
Australia,1,103,2016,10
Denmark,1,103,2016,11
Germany,1,103,2016,12
Ireland,1,103,2016,13
Colombia,0,103,2016,14
France,36,104,2017,1
Belgium,18,104,2017,2
Spain,12,104,2017,3
Italy,10,104,2017,4
United States,10,104,2017,5
Great Britain,5,104,2017,6
Luxembourg,5,104,2017,7
Netherlands,2,104,2017,8
Switzerland,2,104,2017,9
Australia,1,104,2017,10
Denmark,1,104,2017,11
Germany,1,104,2017,12
Ireland,1,104,2017,13
Colombia,0,104,2017,14
France,36,105,2018,1
Belgium,18,105,2018,2
Spain,12,105,2018,3
Italy,10,105,2018,4
United States,10,105,2018,5
Great Britain,6,105,2018,6
Luxembourg,5,105,2018,7
Netherlands,2,105,2018,8
Switzerland,2,105,2018,9
Australia,1,105,2018,10
Denmark,1,105,2018,11
Germany,1,105,2018,12
Ireland,1,105,2018,13
Colombia,0,105,2018,14
France,36,106,2019,1
Belgium,18,106,2019,2
Spain,12,106,2019,3
Italy,10,106,2019,4
United States,10,106,2019,5
Great Britain,6,106,2019,6
Luxembourg,5,106,2019,7
Netherlands,2,106,2019,8
Switzerland,2,106,2019,9
Australia,1,106,2019,10
Colombia,1,106,2019,11
Denmark,1,106,2019,12
Germany,1,106,2019,13
Ireland,1,106,2019,14
